﻿<ArrayOfString xmlns:xsi="http://www.w3.org/2001/XMLSchema-instance" xmlns:xsd="http://www.w3.org/2001/XMLSchema">
  <string>&lt;INSTANCE CLASSNAME="SMS_TaskSequenceAppReferencesInfo"&gt;
  &lt;PROPERTY TYPE="string" NAME="__RELPATH"&gt;
    &lt;VALUE&gt;&lt;/VALUE&gt;
  &lt;/PROPERTY&gt;
  &lt;PROPERTY NAME="PackageID" TYPE="string"&gt;
    &lt;VALUE&gt;VEC00048&lt;/VALUE&gt;
  &lt;/PROPERTY&gt;
  &lt;PROPERTY NAME="RefAppCI_ID" TYPE="sint32"&gt;
    &lt;VALUE&gt;16878244&lt;/VALUE&gt;
  &lt;/PROPERTY&gt;
  &lt;PROPERTY NAME="RefAppModelName" TYPE="string"&gt;
    &lt;VALUE&gt;ScopeId_CED46151-F484-4343-A717-5B29A840CA68/Application_02af4ec0-ab1a-4c21-be31-51325def8eee&lt;/VALUE&gt;
  &lt;/PROPERTY&gt;
  &lt;PROPERTY NAME="RefAppPackageID" TYPE="string"&gt;
    &lt;VALUE&gt;VEC000B2&lt;/VALUE&gt;
  &lt;/PROPERTY&gt;
&lt;/INSTANCE&gt;</string>
  <string>&lt;INSTANCE CLASSNAME="SMS_TaskSequenceAppReferencesInfo"&gt;
  &lt;PROPERTY TYPE="string" NAME="__RELPATH"&gt;
    &lt;VALUE&gt;&lt;/VALUE&gt;
  &lt;/PROPERTY&gt;
  &lt;PROPERTY NAME="PackageID" TYPE="string"&gt;
    &lt;VALUE&gt;VEC00048&lt;/VALUE&gt;
  &lt;/PROPERTY&gt;
  &lt;PROPERTY NAME="RefAppCI_ID" TYPE="sint32"&gt;
    &lt;VALUE&gt;16838449&lt;/VALUE&gt;
  &lt;/PROPERTY&gt;
  &lt;PROPERTY NAME="RefAppModelName" TYPE="string"&gt;
    &lt;VALUE&gt;ScopeId_CED46151-F484-4343-A717-5B29A840CA68/Application_31b57f24-1e86-4621-89cb-52494c79fb22&lt;/VALUE&gt;
  &lt;/PROPERTY&gt;
  &lt;PROPERTY NAME="RefAppPackageID" TYPE="string"&gt;
    &lt;VALUE&gt;VEC0004F&lt;/VALUE&gt;
  &lt;/PROPERTY&gt;
&lt;/INSTANCE&gt;</string>
  <string>&lt;INSTANCE CLASSNAME="SMS_TaskSequenceAppReferencesInfo"&gt;
  &lt;PROPERTY TYPE="string" NAME="__RELPATH"&gt;
    &lt;VALUE&gt;&lt;/VALUE&gt;
  &lt;/PROPERTY&gt;
  &lt;PROPERTY NAME="PackageID" TYPE="string"&gt;
    &lt;VALUE&gt;VEC00048&lt;/VALUE&gt;
  &lt;/PROPERTY&gt;
  &lt;PROPERTY NAME="RefAppCI_ID" TYPE="sint32"&gt;
    &lt;VALUE&gt;16828052&lt;/VALUE&gt;
  &lt;/PROPERTY&gt;
  &lt;PROPERTY NAME="RefAppModelName" TYPE="string"&gt;
    &lt;VALUE&gt;ScopeId_CED46151-F484-4343-A717-5B29A840CA68/Application_88250ed6-5a69-4e59-92e7-2e1351cb4ee0&lt;/VALUE&gt;
  &lt;/PROPERTY&gt;
  &lt;PROPERTY NAME="RefAppPackageID" TYPE="string"&gt;
    &lt;VALUE&gt;VEC0003C&lt;/VALUE&gt;
  &lt;/PROPERTY&gt;
&lt;/INSTANCE&gt;</string>
  <string>&lt;INSTANCE CLASSNAME="SMS_TaskSequenceAppReferencesInfo"&gt;
  &lt;PROPERTY TYPE="string" NAME="__RELPATH"&gt;
    &lt;VALUE&gt;&lt;/VALUE&gt;
  &lt;/PROPERTY&gt;
  &lt;PROPERTY NAME="PackageID" TYPE="string"&gt;
    &lt;VALUE&gt;VEC00048&lt;/VALUE&gt;
  &lt;/PROPERTY&gt;
  &lt;PROPERTY NAME="RefAppCI_ID" TYPE="sint32"&gt;
    &lt;VALUE&gt;16850736&lt;/VALUE&gt;
  &lt;/PROPERTY&gt;
  &lt;PROPERTY NAME="RefAppModelName" TYPE="string"&gt;
    &lt;VALUE&gt;ScopeId_CED46151-F484-4343-A717-5B29A840CA68/Application_91011a03-befd-497f-8256-0518a6bca101&lt;/VALUE&gt;
  &lt;/PROPERTY&gt;
  &lt;PROPERTY NAME="RefAppPackageID" TYPE="string"&gt;
    &lt;VALUE&gt;VEC0004B&lt;/VALUE&gt;
  &lt;/PROPERTY&gt;
&lt;/INSTANCE&gt;</string>
  <string>&lt;INSTANCE CLASSNAME="SMS_TaskSequenceAppReferencesInfo"&gt;
  &lt;PROPERTY TYPE="string" NAME="__RELPATH"&gt;
    &lt;VALUE&gt;&lt;/VALUE&gt;
  &lt;/PROPERTY&gt;
  &lt;PROPERTY NAME="PackageID" TYPE="string"&gt;
    &lt;VALUE&gt;VEC00048&lt;/VALUE&gt;
  &lt;/PROPERTY&gt;
  &lt;PROPERTY NAME="RefAppCI_ID" TYPE="sint32"&gt;
    &lt;VALUE&gt;16985473&lt;/VALUE&gt;
  &lt;/PROPERTY&gt;
  &lt;PROPERTY NAME="RefAppModelName" TYPE="string"&gt;
    &lt;VALUE&gt;ScopeId_CED46151-F484-4343-A717-5B29A840CA68/Application_38f0b907-6cfc-4ef4-9a35-e2851ff30187&lt;/VALUE&gt;
  &lt;/PROPERTY&gt;
  &lt;PROPERTY NAME="RefAppPackageID" TYPE="string"&gt;
    &lt;VALUE&gt;VEC00054&lt;/VALUE&gt;
  &lt;/PROPERTY&gt;
&lt;/INSTANCE&gt;</string>
  <string>&lt;INSTANCE CLASSNAME="SMS_TaskSequenceAppReferencesInfo"&gt;
  &lt;PROPERTY TYPE="string" NAME="__RELPATH"&gt;
    &lt;VALUE&gt;&lt;/VALUE&gt;
  &lt;/PROPERTY&gt;
  &lt;PROPERTY NAME="PackageID" TYPE="string"&gt;
    &lt;VALUE&gt;VEC00048&lt;/VALUE&gt;
  &lt;/PROPERTY&gt;
  &lt;PROPERTY NAME="RefAppCI_ID" TYPE="sint32"&gt;
    &lt;VALUE&gt;17007108&lt;/VALUE&gt;
  &lt;/PROPERTY&gt;
  &lt;PROPERTY NAME="RefAppModelName" TYPE="string"&gt;
    &lt;VALUE&gt;ScopeId_CED46151-F484-4343-A717-5B29A840CA68/Application_4e943811-1b89-4cbc-8f35-4c33ba2c600a&lt;/VALUE&gt;
  &lt;/PROPERTY&gt;
  &lt;PROPERTY NAME="RefAppPackageID" TYPE="string"&gt;
    &lt;VALUE&gt;VEC000F9&lt;/VALUE&gt;
  &lt;/PROPERTY&gt;
&lt;/INSTANCE&gt;</string>
  <string>&lt;INSTANCE CLASSNAME="SMS_TaskSequenceAppReferencesInfo"&gt;
  &lt;PROPERTY TYPE="string" NAME="__RELPATH"&gt;
    &lt;VALUE&gt;&lt;/VALUE&gt;
  &lt;/PROPERTY&gt;
  &lt;PROPERTY NAME="PackageID" TYPE="string"&gt;
    &lt;VALUE&gt;VEC00048&lt;/VALUE&gt;
  &lt;/PROPERTY&gt;
  &lt;PROPERTY NAME="RefAppCI_ID" TYPE="sint32"&gt;
    &lt;VALUE&gt;16844271&lt;/VALUE&gt;
  &lt;/PROPERTY&gt;
  &lt;PROPERTY NAME="RefAppModelName" TYPE="string"&gt;
    &lt;VALUE&gt;ScopeId_CED46151-F484-4343-A717-5B29A840CA68/Application_f056d1d2-5cae-4f1e-952c-1a8144773170&lt;/VALUE&gt;
  &lt;/PROPERTY&gt;
  &lt;PROPERTY NAME="RefAppPackageID" TYPE="string"&gt;
    &lt;VALUE&gt;VEC0005B&lt;/VALUE&gt;
  &lt;/PROPERTY&gt;
&lt;/INSTANCE&gt;</string>
  <string>&lt;INSTANCE CLASSNAME="SMS_TaskSequenceAppReferencesInfo"&gt;
  &lt;PROPERTY TYPE="string" NAME="__RELPATH"&gt;
    &lt;VALUE&gt;&lt;/VALUE&gt;
  &lt;/PROPERTY&gt;
  &lt;PROPERTY NAME="PackageID" TYPE="string"&gt;
    &lt;VALUE&gt;VEC00048&lt;/VALUE&gt;
  &lt;/PROPERTY&gt;
  &lt;PROPERTY NAME="RefAppCI_ID" TYPE="sint32"&gt;
    &lt;VALUE&gt;16844274&lt;/VALUE&gt;
  &lt;/PROPERTY&gt;
  &lt;PROPERTY NAME="RefAppModelName" TYPE="string"&gt;
    &lt;VALUE&gt;ScopeId_CED46151-F484-4343-A717-5B29A840CA68/Application_dfc5a0fa-b261-4bc9-92f9-8cf8a053df10&lt;/VALUE&gt;
  &lt;/PROPERTY&gt;
  &lt;PROPERTY NAME="RefAppPackageID" TYPE="string"&gt;
    &lt;VALUE&gt;VEC0005A&lt;/VALUE&gt;
  &lt;/PROPERTY&gt;
&lt;/INSTANCE&gt;</string>
  <string>&lt;INSTANCE CLASSNAME="SMS_TaskSequenceAppReferencesInfo"&gt;
  &lt;PROPERTY TYPE="string" NAME="__RELPATH"&gt;
    &lt;VALUE&gt;&lt;/VALUE&gt;
  &lt;/PROPERTY&gt;
  &lt;PROPERTY NAME="PackageID" TYPE="string"&gt;
    &lt;VALUE&gt;VEC00048&lt;/VALUE&gt;
  &lt;/PROPERTY&gt;
  &lt;PROPERTY NAME="RefAppCI_ID" TYPE="sint32"&gt;
    &lt;VALUE&gt;16948914&lt;/VALUE&gt;
  &lt;/PROPERTY&gt;
  &lt;PROPERTY NAME="RefAppModelName" TYPE="string"&gt;
    &lt;VALUE&gt;ScopeId_CED46151-F484-4343-A717-5B29A840CA68/Application_c3ab6c86-0a29-40a5-b8a5-08e3e4bbf4c2&lt;/VALUE&gt;
  &lt;/PROPERTY&gt;
  &lt;PROPERTY NAME="RefAppPackageID" TYPE="string"&gt;
    &lt;VALUE&gt;VEC000EC&lt;/VALUE&gt;
  &lt;/PROPERTY&gt;
&lt;/INSTANCE&gt;</string>
  <string>&lt;INSTANCE CLASSNAME="SMS_TaskSequenceAppReferencesInfo"&gt;
  &lt;PROPERTY TYPE="string" NAME="__RELPATH"&gt;
    &lt;VALUE&gt;&lt;/VALUE&gt;
  &lt;/PROPERTY&gt;
  &lt;PROPERTY NAME="PackageID" TYPE="string"&gt;
    &lt;VALUE&gt;VEC00048&lt;/VALUE&gt;
  &lt;/PROPERTY&gt;
  &lt;PROPERTY NAME="RefAppCI_ID" TYPE="sint32"&gt;
    &lt;VALUE&gt;17007116&lt;/VALUE&gt;
  &lt;/PROPERTY&gt;
  &lt;PROPERTY NAME="RefAppModelName" TYPE="string"&gt;
    &lt;VALUE&gt;ScopeId_CED46151-F484-4343-A717-5B29A840CA68/Application_b622b332-775b-4ff6-86f7-efc129249b7f&lt;/VALUE&gt;
  &lt;/PROPERTY&gt;
  &lt;PROPERTY NAME="RefAppPackageID" TYPE="string"&gt;
    &lt;VALUE&gt;VEC000FA&lt;/VALUE&gt;
  &lt;/PROPERTY&gt;
&lt;/INSTANCE&gt;</string>
  <string>&lt;INSTANCE CLASSNAME="SMS_TaskSequenceAppReferencesInfo"&gt;
  &lt;PROPERTY TYPE="string" NAME="__RELPATH"&gt;
    &lt;VALUE&gt;&lt;/VALUE&gt;
  &lt;/PROPERTY&gt;
  &lt;PROPERTY NAME="PackageID" TYPE="string"&gt;
    &lt;VALUE&gt;VEC00048&lt;/VALUE&gt;
  &lt;/PROPERTY&gt;
  &lt;PROPERTY NAME="RefAppCI_ID" TYPE="sint32"&gt;
    &lt;VALUE&gt;17032604&lt;/VALUE&gt;
  &lt;/PROPERTY&gt;
  &lt;PROPERTY NAME="RefAppModelName" TYPE="string"&gt;
    &lt;VALUE&gt;ScopeId_CED46151-F484-4343-A717-5B29A840CA68/Application_c8d0a7ee-1c3b-4123-be12-d9b4a4d0d416&lt;/VALUE&gt;
  &lt;/PROPERTY&gt;
  &lt;PROPERTY NAME="RefAppPackageID" TYPE="string"&gt;
    &lt;VALUE&gt;VEC000FB&lt;/VALUE&gt;
  &lt;/PROPERTY&gt;
&lt;/INSTANCE&gt;</string>
</ArrayOfString>